{
  "r_port": 0.412213,
  "r_ex_cash": 1.5894,
  "r_bench_blended": 0.058303,
  "r_spy_100": 0.07,
  "r_cash": 0.000945
}
